{
    "Bound": {
        "maxLat": 47.8779779,
        "maxLon": 7.5400635,
        "minLat": 47.6639029,
        "minLon": 7.0944212
    },
    "MainWindow": {
        "height": 1080,
        "width": 1920
    }
}
