{
    "Bound": {
        "maxLat": 47.7712774,
        "maxLon": 7.3862365,
        "minLat": 47.6969948,
        "minLon": 7.2765196
    },
    "MainWindow": {
        "height": 1080,
        "width": 1920
    }
}
