{
    "Bound": {
        "maxLat": 47.7774659,
        "maxLon": 7.5009457,
        "minLat": 47.6639029,
        "minLon": 7.3116761
    },
    "MainWindow": {
        "height": 864,
        "width": 1536
    }
}
